rank,source,heat,likes,bookmarks,shares,comments,prompt,negative_prompt,model,author,post_url,image_url,local_image,width,height,created_at,query,id
1,openart,2,0,1,0,0,"Long Soviet police station corridor, mid-1980s.Narrow space with low ceiling, worn linoleum floor.Cold fluorescent lights repeating along the ceiling.Closed doors on both sides, identical and anonymous.No windows, no decoration, institutional signage only.The corridor feels endless, silent, and oppressive.A sense of movement toward something unavoidable.Realistic graphic novel style, cinematic lighting, cold and desaturated color palette, high contrast shadows.",,kling_omni,Gianluca Caputo,https://openart.ai/discovery/bEpmwcq0m85L81kKGlRv,https://cdn.openart.ai/published/j8f3r2PmZ4Vktg0bhTCk/WJ4z3mI7_a8eH_raw.jpg,images/openart_bEpmwcq0m85L81kKGlRv.webp,1168,880,1767079521,1980s photo,bEpmwcq0m85L81kKGlRv
2,openart,2,0,1,0,0,"The woman's hair in this portrait is long, blonde, and styled in an iconic 1980s big-hair fashion—voluminous and heavily teased for maximum height and drama at the crown. It has a windswept, tousled appearance, with loose, wavy strands flowing outward and downward over her shoulders, creating a sense of movement and fullness. The texture looks slightly frizzy or permed, framing her face boldly while emphasizing the overall glamorous, rock-inspired vibe.",,gpt_image_1_5,Michael Anderson,https://openart.ai/discovery/bQO3ZkJA4fmzbTMIUbCo,https://cdn.openart.ai/published/6xWGx2cFIkoQkqKcdAop/ExryX2ib_Zltm_raw.jpg,images/openart_bQO3ZkJA4fmzbTMIUbCo.webp,1024,1024,1768940102,1980s photo,bQO3ZkJA4fmzbTMIUbCo
3,openart,2,0,1,0,0,"A highly stylized 3D render of a featureless humanoid figure in a dim 1980s satellite control room, illuminated only by the glow of CRT monitors displaying grainy Arctic satellite images. The figure leans forward toward the screens, hands on a console covered in blinking lights. Cold blue-green light casts long shadows across the metallic floor. Background: rows of silent machines fade into darkness. Camera: wide shot from behind the operator, capturing the eerie glow of the vanished town on screen. Ultra-realistic 3D cinematic rendering.",,Flux_Kontext,Unknowntalent TV,https://openart.ai/discovery/MUGmP0hL45D3E2aGv8L7,https://cdn.openart.ai/published/WguXq7knQ6KlqJZP4Jl0/Gu5_39Ln_3mH-_raw.jpg,images/openart_MUGmP0hL45D3E2aGv8L7.webp,1392,752,1760246631,1980s photo,MUGmP0hL45D3E2aGv8L7
4,openart,2,0,1,0,0,"Retro 80s/90s fitness class scene with bright neon colors and a fun, energetic vibe. Four people are working out in a pastel-colored exercise studio with plain walls (no mirrors, no reflections anywhere):

1. Blonde man in bright workout shorts and a headband


2. Dark-haired man in 80s track pants and a sleeveless tank


3. Blonde woman with big, voluminous 80s hair, leg warmers, and a flashy crop top


4. Hispanic woman with big 80s hair, colorful spandex, and wristbands



Each person is holding a slice of cake in one hand while doing upbeat aerobics or dance moves. Background is simple pastel studio walls and floor, no mirror surfaces. Vibe is goofy, nostalgic, and high-energy, like an 80s workout tape cover. Vibrant digital illustration, clean and bold.",,byteplus_seedream_4,Tim Story,https://openart.ai/discovery/oDU1O1hExa3D6001yRbm,https://cdn.openart.ai/published/aoyAEZB8PkT7h5JSYTEp/ZzB9AWth_58TD_raw.jpg,images/openart_oDU1O1hExa3D6001yRbm.webp,4096,4096,1763402404,80s photo,oDU1O1hExa3D6001yRbm
5,openart,2,0,0,0,0,"Lego 80s Black Falcon castle assault at dawn, minifigures, horses, catapults, fire, dragons, huntsmen attacking",,Flux_Kontext,Ustoor,https://openart.ai/discovery/jx8CcIlNIcikkW8v4hDs,https://cdn.openart.ai/published/OG35XKZAJaiKWMq1vLpI/pk1XGIF2_1m5Q_raw.jpg,images/openart_jx8CcIlNIcikkW8v4hDs.webp,1024,1024,1759857684,80s photo,jx8CcIlNIcikkW8v4hDs
6,openart,2,0,1,0,0,"@I5gdqdUEYaSnBjMKeyLg A cinematic portrait of Tony, a 1980s Italian mobster sitting alone in a luxurious Italian restaurant. He wears a perfectly tailored black suit with a silk tie and gold cufflinks, exuding quiet power and confidence. He’s smoking a thick cigar, the smoke curling around his face as warm golden light reflects off crystal glasses and marble table surfaces. His expression is calm but dangerous — eyes half-hidden in shadow, suggesting secrets and authority. Behind him, waiters move discreetly, and soft jazz music fills the air. The atmosphere feels tense yet elegant, straight out of a classic mafia film. Ultra-realistic cinematic lighting, 35mm film grain, rich warm tones, detailed textures, moody ambience.",,I5gdqdUEYaSnBjMKeyLg,Murad Alnasser,https://openart.ai/discovery/9o4DBJEezp26lwouC845,https://cdn.openart.ai/published/Wg0tU61dcHxZOjheDeJT/alHB4zZd_ymTD_raw.jpg,images/openart_9o4DBJEezp26lwouC845.webp,1024,1024,1762211724,1980s film photo,9o4DBJEezp26lwouC845
7,openart,2,0,1,0,0,"ThunderCats reimagined as realistic, live-action characters while staying faithful to the original 1980s cartoon designs. Lion-O, Cheetara, Panthro, Tygra, and Snarf depicted with anatomically realistic humanoid feline features, detailed fur textures, expressive realistic faces, and natural muscle definition. High-end cinematic character design with realistic materials, detailed costumes true to the original outfits, believable proportions, and grounded physical presence. Dramatic cinematic lighting, shallow depth of field, ultra-high detail, photorealistic fantasy realism, 8k quality, epic heroic composition, modern movie concept art style.
Style Tuning (if available in OpenArt)

Style / realism: High

Prompt guidance: Strong

Reference strength: Medium–High (if using a ThunderCats reference image)

Lighting: Cinematic / dramatic

Camera: 85mm lens, shallow depth of field (optional but helps realism)
Dark fantasy realism similar to a modern Hollywood reboot",,gpt_image_1_5,Vivid Visions AI,https://openart.ai/discovery/6zEf5HP0lJKzqpoRm4DA,https://cdn.openart.ai/published/cnndiTa3QqOZ3PAh4H6F/dUC0Puok_jnmX_raw.jpg,images/openart_6zEf5HP0lJKzqpoRm4DA.webp,1024,1024,1768165552,1980s polaroid,6zEf5HP0lJKzqpoRm4DA
8,openart,2,0,1,0,0,"Prompt ‘Car Wash’:

cinematic portrait of a dark blonde woman in the image posing at twilight in front of a glowing neon sign that reads “Rancho Super Car Wash,” retro 1980s roadside vibe, blue hour sky, vibrant neon colors in red, green, and blue, woman wearing bright red translucent sunglasses and pink earrings, dark blonde voluminous hair half-up, glossy lips, warm natural skin tones, dark sleeveless top with yellow straps, soft off-camera flash lighting mixed with ambient neon glow, shallow depth of field, bokeh neon lights in background, 50mm lens f/2, sharp focus on face, cinematic composition, warm and cool color contrast, high fashion editorial mood, nostalgic California atmosphere, vivid color grading, clean modern post-production, photorealistic style.",,byteplus_seedream_4,cyimpact_you,https://openart.ai/discovery/ibILshxRLw696D3cKezo,https://cdn.openart.ai/published/user_314wldnPLxCQYvX47qJbwDG6Qqb/FzARwDj0_aSun_raw.jpg,images/openart_ibILshxRLw696D3cKezo.webp,3520,4704,1760031845,1980s polaroid,ibILshxRLw696D3cKezo
9,openart,2,0,1,0,0,"Two men in their 40s perform enthusiastically at a daytime fairground. Both are dressed in bright retro 1980s-style suits—one neon green, one purple. The slim guy has short receding hair and large nerdy glasses, and he’s holding a corndog in one hand while making an exaggerated singing gesture toward the camera. The heavier guy is balding on top with side hair and a goofy grin, playing an inflatable or fake guitar shaped like a pizza slice. They look ridiculous and joyful—clearly having the time of their lives. Behind them are fair food stands with signs that read “Corndogs” and “Pizza Nachos Drinks,” plus a Ferris wheel in the background. Bright daylight, bold fun colors. The scene is energetic, playful, and weird in a Devo-inspired way, without being a parody.",,byteplus_seedream_4,Tim Story,https://openart.ai/discovery/76Ur8Ep9vee7r2Ivl5Ok,https://cdn.openart.ai/published/aoyAEZB8PkT7h5JSYTEp/8x-Mt9X1_oqO9_raw.jpg,images/openart_76Ur8Ep9vee7r2Ivl5Ok.webp,4096,4096,1763426355,1980s polaroid,76Ur8Ep9vee7r2Ivl5Ok
10,openart,2,0,1,0,0,"This is a digital illustration in a vibrant, semi-realistic style. The image features three age18 young women with striking, exaggerated facial expressions of hyper-caffeinated excitement, each in a unique and distinct styles, seated closely together at a retro themed diner counter.
The woman on the left has pale skin, black hair with bangs, and wears a black cap decorated with yellow star-shapes, glasses, and multiple rings. She is pointing at the woman in the center and pressing her cheek close, her gaze sidelong at the viewer with wide eyes.

The central woman, also pale-skinned with black hair and bangs, wears a black T-shirt with a graffiti tag emblazoned in orange letters and has her lips puckered in a surprised expression as she brings the heads of the other two women closer to her.

The woman on the right has light skin, long red hair, and wears a white striped scarf. Her mouth is open in a wide, surprised expression, and she has multiple piercings, including a nose ring. The background is colorful and busy, with a coffee machine on the left, green walls, and a floral arrangement in the top left corner. The overall color palette is bright and saturated, with a focus on greens, yellows, and blacks. The image has a slightly nostalgic, 1980s feel, enhanced by the characters' fashion and the café's retro decor.",,,GGUX,https://openart.ai/discovery/YE0xLv8nwfnrgCxPx2WR,https://cdn.openart.ai/uploads/image_ui9X_oo3_1762294803347_512.webp,images/openart_YE0xLv8nwfnrgCxPx2WR.webp,1024,704,1762577868,1980s snapshot,YE0xLv8nwfnrgCxPx2WR
11,openart,2,0,1,0,0,"This is a digital drawing in a comic book style, featuring a close-up portrait of a woman with a confident expression. She has light blonde, wavy hair that falls just above her shoulders. Her skin is fair, and she has prominent, arched eyebrows. She wears large, rectangular, purple-framed glasses that cover her bright blue eyes. Her makeup is bold, with dark purple lipstick and subtle eyeliner that accentuates her eyes. She is dressed in a high-neck, purple turtleneck sweater. Her earrings are large, teardrop-shaped, and turquoise, matching the color of her eyes. The background is a gradient from deep purple on the left to turquoise on the right, with a textured, halftone pattern that adds depth to the image. The overall style is reminiscent of 1980s pop art, with strong lines and vibrant colors. The image focuses on the woman's face and upper shoulders, capturing her stylish and confident appearance.",,Watercolor_flux,Judi,https://openart.ai/discovery/7onEMvPIdejZa9PFsMjZ,https://cdn.openart.ai/published/IqJ67eu46oSnnYMjY7AN/ZSM6vo7T_jWJq_raw.jpg,images/openart_7onEMvPIdejZa9PFsMjZ.webp,1024,1024,1763128115,1980s polaroid,7onEMvPIdejZa9PFsMjZ
12,openart,1,0,0,0,0,"Gorgeous ultra-muscular 35-year-old Finnish drag with dark eyeshadow, heavy mascara, burgundy lipstick ((ridiculously long thick curly teased red hair)), neon yellow 80s style jacket with sleeves rolled up, neon green striped blouse, white denim shorts, white 8 inch stiletto high heel shoes, gold pendant with sapphire gem, (head tilted back, laughing) Patrick Nagel style, high-res, realistic digital render, 8k photographic image, detailed eyes, professional, atmospheric lighting, fashionable, 80s retro, vibrant colors, classic car backdrop, bosomy physique",,nano-banana,Whatchootalkingbout,https://openart.ai/discovery/aNRNShIVsSQGQEJ268FI,https://cdn.openart.ai/published/UcVVGYre9bB87gXf5lE0/cf9Re3re_uOTc_raw.jpg,images/openart_aNRNShIVsSQGQEJ268FI.webp,1024,1024,1762390095,80s photo,aNRNShIVsSQGQEJ268FI
13,openart,1,0,0,0,0,"Futuristic neon city at night with reflective streets, glowing neon lights in pink, purple, and cyan, silhouettes of people dancing under a disco ball, vibrant retro 80s synthwave colors, dynamic motion, sparkling particles, joyful and energetic atmosphere",,nano-banana-2,Tomasz Amanowicz,https://openart.ai/discovery/a6vmVs9gWhaGps1vIrjc,https://cdn.openart.ai/published/Mtq2BNonvlpOBXp6KwJ5/_73y0RY6_pLD1_raw.jpg,images/openart_a6vmVs9gWhaGps1vIrjc.webp,5504,3072,1766093281,80s photo,a6vmVs9gWhaGps1vIrjc
14,openart,1,0,0,0,0,"80s Madonna aesthetic meets modern art, transformation, rebirth, white and colorful elements, vintage meets contemporary, music cover art, fresh interpretation",,Flux_pro,Chr_Kuehn,https://openart.ai/discovery/PNkYECtZVISawpeqSAxg,https://cdn.openart.ai/published/xCBvJG5er9IKmsiyhfuU/rSB2moTu_Ilas_raw.jpg,images/openart_PNkYECtZVISawpeqSAxg.webp,800,1440,1767384230,80s photo,PNkYECtZVISawpeqSAxg
15,openart,1,0,0,0,0,"Envision a vibrant 1980s graffiti-style mural centered around the concept of a ""watering Station."" The scene is brought to life with a hip hop artist passionately performing, their expressive body language echoing the rhythm of the music. The artist, clad in a colorful oversized jacket and a snapback, grips a microphone tightly, with a flowing cord elegantly stretching out like a musical river across the artwork. The mural bursts with kaleidoscopic colors splashed against a clean white background, making the dynamic imagery pop. Subtle details, like the glint of sweat and the electrifying energy radiating from the artist, capture the essence of a live performance. The text ""watering Station"" is artistically integrated without obstruction into the design, styled in bold, graffiti lettering that reflects the playful yet powerful spirit of the hip hop culture. This scene is infused with a sense of vibrant energy and creativity, perfect for a high-energy, urban environment.",,Flux_dev,Inspecta Tech,https://openart.ai/discovery/oXt3cSiUkjAih2vE99H7,https://cdn.openart.ai/published/wf4JXysN3ITLyMGaD0Ir/r1qtNJaE_BVRt_raw.jpg,images/openart_oXt3cSiUkjAih2vE99H7.webp,1024,1024,1764769797,1980s polaroid,oXt3cSiUkjAih2vE99H7
16,openart,1,0,0,0,0,"This image is a vibrant, digitally-created pop art illustration of a young woman with a modern, stylish appearance. She has long, wavy purple hair that cascades over her shoulders and down her back. She is wearing large, reflective pink and blue sunglasses that cover her eyes, giving her a mysterious and cool look. Her lips are painted a bold pink, matching her earrings, which are large, circular, and pink. She is dressed in a sleeveless, white top with a high neckline and a colorful, abstract-patterned jacket that has bright pink, yellow, and purple sections. The background is a geometric mix of pink, yellow, and white shapes, including circles and a large, angled rectangle, creating a dynamic and energetic atmosphere. The overall style of the illustration is reminiscent of 1980s pop art, with bold colors, sharp lines, and a playful, yet chic aesthetic. The woman's confident pose and the vibrant color palette make the image striking and eye-catching.",,Watercolor_flux,Judi,https://openart.ai/discovery/sdSyM8P0uCpkeGyuAWpL,https://cdn.openart.ai/published/IqJ67eu46oSnnYMjY7AN/1Su8_OeA_o164_raw.jpg,images/openart_sdSyM8P0uCpkeGyuAWpL.webp,1024,1024,1783048398,1980s polaroid,sdSyM8P0uCpkeGyuAWpL
17,openart,0,0,0,0,0,"Striking a pose with confidence, a glamorous 35-year-old Greek drag queen in a bold zebra-print dress leans against a shiny pink car, exuding an unmistakable retro vibe. Her voluminous, 1980s style blonde hair contrasts with her dramatic makeup, highlighted by vibrant purple eyeshadow and flashy pink earrings. The setting suggests an urban nightlife backdrop, hinting at the allure and excitement of the era. The ensemble is accentuated by a thick black belt adorned with studs, drawing attention to her silhouette, while her legs are accentuated by shiny tights and matching 7 inch stiletto pink heels. The colorful and exuberant style captures the spirit of 1980s fashion, evoking a sense of fun and bold expression.",,imagen-4.0-generate-001,Whatchootalkingbout,https://openart.ai/discovery/4yqE6jD21QsOjlTRGKiF,https://cdn.openart.ai/published/UcVVGYre9bB87gXf5lE0/dh12BgVU_zfqw_raw.jpg,images/openart_4yqE6jD21QsOjlTRGKiF.webp,1280,896,1763655246,1980s photo,4yqE6jD21QsOjlTRGKiF
18,openart,0,0,0,0,0,"Silhouetted side-profile of a female rock guitarist mid-performance, strong 1980s hard-rock vibe, big teased hair, fitted black leather jacket, high-waisted tight black pants, electric guitar held low, dramatic stage pose, bold rim lighting creating a clean silhouette, dark background filled with a repeating taco pattern rendered as subtle graphic shapes, neon-accented tacos blending into the backdrop, gritty retro rock energy, no visible facial details, no text, high contrast, cinematic lighting",,nano-banana-2,Tim Story,https://openart.ai/discovery/tlFwXBVWntZ7tIXM3KQ2,https://cdn.openart.ai/published/aoyAEZB8PkT7h5JSYTEp/kYy5Rdn2_NH7G_raw.jpg,images/openart_tlFwXBVWntZ7tIXM3KQ2.webp,1024,1024,1766279299,1980s photo,tlFwXBVWntZ7tIXM3KQ2
19,openart,0,0,0,0,0,"Empty Soviet police canteen, mid-1980s.Long worn wooden tables, mismatched metal chairs.Chipped enamel mugs, simple trays, no food visible.Cold fluorescent lighting, slightly uneven and tiring.Bare walls with peeling paint, institutional and neglected.The space feels noisy even when empty, routine and monotonous.Atmosphere of dull normality, functional and joyless.Realistic graphic novel style, cinematic lighting, cold and desaturated color palette, high contrast shadows.",,kling_omni,Gianluca Caputo,https://openart.ai/discovery/D3DKLFVVmYj4bQi6SL2V,https://cdn.openart.ai/published/j8f3r2PmZ4Vktg0bhTCk/RXwstfls_VMN2_raw.jpg,images/openart_D3DKLFVVmYj4bQi6SL2V.webp,1168,880,1767079427,1980s photo,D3DKLFVVmYj4bQi6SL2V
20,openart,0,0,0,0,0,"Empty Soviet police interrogation room, mid-1980s.Bare concrete walls, slightly stained and worn.A single metal table at the center, two simple chairs.Cold fluorescent ceiling light, harsh and uneven.Small barred window high on the wall, almost useless.Institutional, oppressive atmosphere, no decoration.The room feels functional, neglected, and dehumanizing.Realistic graphic novel style, cinematic lighting, cold and desaturated color palette, high contrast shadows.",,kling_omni,Gianluca Caputo,https://openart.ai/discovery/Qmdal7xInmYZlW1ASsui,https://cdn.openart.ai/published/j8f3r2PmZ4Vktg0bhTCk/ctPMR5l9_V2vo_raw.jpg,images/openart_Qmdal7xInmYZlW1ASsui.webp,1168,880,1767080068,1980s photo,Qmdal7xInmYZlW1ASsui
21,openart,0,0,0,0,0,"Create a digital illustration inspired by the theme, seamlessly integrating an 80's palette with vibrant neon colors, gradients, and bold geometric shapes. Imagine this artwork as a part of a modern UI design for a graphic design app interface, combining elements of digital painting and illustration. The final result should evoke nostalgia for the 1980s while presenting a contemporary, visually engaging composition suitable for a cutting-edge digital platform.",,byteplus_seedream_4_5,Andrew Paris,https://openart.ai/discovery/xoES4f85IzVvSIkLg5Fl,https://cdn.openart.ai/published/KvJ1R6HGO5Vm2sy16icR/Z7H81-b6_b1A6_raw.jpg,images/openart_xoES4f85IzVvSIkLg5Fl.webp,3040,5504,1773683992,1980s photo,xoES4f85IzVvSIkLg5Fl
22,openart,0,0,0,0,0,"A photorealistic feminine photo in the style of 1985. The subject has voluminous, permed hair with a lot of height, a classic mid-80s style. She is wearing bold 1980s makeup, including bright blue and pink eyeshadow, heavy pink blush, and vibrant magenta lipstick. She is dressed in a low-cut silk blouse. The background is a soft-focus studio backdrop in muted blue and gray tones with professional studio lighting that highlights the texture of her hair.",,nano-banana-2,Brian Barker,https://openart.ai/discovery/n0BxswybrNijS5znSpcK,https://cdn.openart.ai/published/yqcbgl5y5cjcHftEksl4/bgjCP496_vZfd_raw.jpg,images/openart_n0BxswybrNijS5znSpcK.webp,1200,896,1770239681,1980s photo,n0BxswybrNijS5znSpcK
23,openart,0,0,0,0,0,"@D6xrjj8o6fUA55cITcRZ A wide, photorealistic video shot of a bustling 1980s office filled with early personal computers and period-accurate decor. In the foreground, a confident young man stands while presenting, his determined gaze set on an unseen audience, as a professional woman observes intently. The scene is rendered with rich, balanced colors and natural cinematic lighting.",,D6xrjj8o6fUA55cITcRZ,ESInsipreUs,https://openart.ai/discovery/bvr9zviTsLpyuMdcJliq,https://cdn.openart.ai/published/Gln5HM7wlaNND1Pkv98b/xYDjSmvk_EAuJ_raw.jpg,images/openart_bvr9zviTsLpyuMdcJliq.webp,1024,1024,1765532261,1980s photo,bvr9zviTsLpyuMdcJliq
24,openart,0,0,0,0,0,"Retro 1980s comic-style illustration of a cartoon T-Rex dinosaur tangled in colorful Christmas lights, wearing a Santa hat, roaring happily in front of a glowing Christmas tree silhouette.
Bright vintage color palette (red, green, yellow, turquoise), halftone texture, distressed retro print style, thick outlines, bold dynamic composition for t-shirt design, transparent background.",,Flux_Kontext_Max,Katarzyna Lisiecka,https://openart.ai/discovery/mfMKyK5b2BLK9GkKRKX3,https://cdn.openart.ai/published/5MJcedoiqC9epAMofK9b/oaaJJlKs_vyy4_raw.jpg,images/openart_mfMKyK5b2BLK9GkKRKX3.webp,1024,1024,1760956228,1980s photo,mfMKyK5b2BLK9GkKRKX3
25,openart,0,0,0,0,0,"Exterior of a Soviet police station, mid-1980s.Grey concrete building, utilitarian and anonymous.A modest parked car in front of the entrance.Overcast sky, cold daylight.The atmosphere is ordinary and bureaucratic.Realistic graphic novel style, cinematic lighting, cold and desaturated color palette, high contrast shadows.",,kling_omni,Gianluca Caputo,https://openart.ai/discovery/Ke0IPGOEvMPO1gVmULUE,https://cdn.openart.ai/published/j8f3r2PmZ4Vktg0bhTCk/v6ULDb1u_66Rx_raw.jpg,images/openart_Ke0IPGOEvMPO1gVmULUE.webp,1168,880,1767080375,1980s photo,Ke0IPGOEvMPO1gVmULUE
26,openart,0,0,0,0,0,"1980s anime vibe. blue long wavy hair. a girl. strong aura. shiny blue diamond eyes. wears blue diamond earrings, necklace. modern city. blue purple evening sky, shiny stars. front face with smiled. blue purple dress with long sleeves",,byteplus_seedream_4,Violet Ewrgrdn,https://openart.ai/discovery/b8IDIWo4jZRbLfQt5xV5,https://cdn.openart.ai/published/ebUZlD9UKNGZQf9JkbMc/Yc5eG-G__9XuD_raw.jpg,images/openart_b8IDIWo4jZRbLfQt5xV5.webp,4096,4096,1761639306,1980s photo,b8IDIWo4jZRbLfQt5xV5
27,openart,0,0,0,0,0,@k0JGp5ZdyH3GXKONMCn1 Is sitting in the driver seat of a black 1980s Buick regal at night @ikqBc1EGkQV01dhupCxQ Is in the passenger seat.   Is smoking a cigarette and both men have a serious look on their face.,,,JTXCREATES,https://openart.ai/discovery/YEC6Af3jDazftzYmklRV,https://cdn.openart.ai/published/PduG6InlwwbXTy3LBH5O/Uh8WFOBH_xpsb_raw.jpg,images/openart_YEC6Af3jDazftzYmklRV.webp,2400,1792,1780503670,1980s photo,YEC6Af3jDazftzYmklRV
28,openart,0,0,0,0,0,"A deep blue night sky lit by a chilling, grayish-blue moon. The atmosphere evokes an eerie, 1980s dark fantasy fairy tale.",,gpt_image_1_5,Patrick David,https://openart.ai/discovery/0DvDbKdaT2mkYJHxL4XG,https://cdn.openart.ai/published/u3592ubXlwxVlbKrb5jI/u3FeK0jW_23Ln_raw.jpg,images/openart_0DvDbKdaT2mkYJHxL4XG.webp,1536,1024,1782792481,1980s photo,0DvDbKdaT2mkYJHxL4XG
29,openart,0,0,0,0,0,"This photograph, taken in a brightly lit classroom, captures a group of 15 young adults, both men and women, posing for a school group photo. The image is slightly faded, indicating it is an older photograph, possibly from the 1980s or 1990s. The background features a large blackboard on the right side with some faint writing, and a window on the left side letting in natural light. 

The group is arranged in three rows: the front row consists of eight people kneeling or sitting, and the back row has seven people standing. The individuals are dressed in casual to semi-casual attire typical of the period, including striped shirts, polo shirts, and jackets. The men have short to medium-length hair, and the women have varying hairstyles, from curly to straight. One man in the front row is wearing sunglasses, and another man in the back row has a mustache. 

The classroom walls are painted white, and there is a fire extinguisher mounted on the wall in the upper right corner. The floor appears to be made of polished tiles. The overall mood of the photograph is cheerful and informal, reflecting a moment of camaraderie among friends or classmates.",,byteplus_seedream_4,CHOUKRI Rabi,https://openart.ai/discovery/UkJ1HOwJKekjc3lBWKF7,https://cdn.openart.ai/published/KDv3m2BwL3OQpisTP0B0/DJxkYFJ5_pKNQ_raw.jpg,images/openart_UkJ1HOwJKekjc3lBWKF7.webp,4096,4096,1763544631,1980s photograph,UkJ1HOwJKekjc3lBWKF7
30,openart,0,0,0,0,0,"@hH3hmhXdfEb7O9ilZQBL In the soft glow of a fading afternoon, a woman draped in a sumptuous red silk dress stands with quiet poise on the polished marble terrace of a sprawling estate. Her hair, styled in a restrained yet sophisticated updo, complements the understated glamour of oversized tortoiseshell sunglasses perched just so atop her nose. The rich crimson fabric glimmers subtly in the delicate diffused light, its smooth texture contrasting with the coarse weave of the nearby linen-covered chaise longue. Her serene, contemplative gaze drifts toward distant gardens, while a gently knotted Hermès silk scarf adds an air of effortless elegance. Encased in a balanced composition framed through a 50mm lens, the scene exudes the tactile intimacy of analog film—visible 35mm grain softening edges, cream-toned highlights merging with deep, muted shadows reminiscent of Kodachrome. This evocative moment channels the quiet luxury and languid confidence characteristic of early 1980s Slim Aarons imagery. —late-70s / early-80s cinematic photograph, authentic film grain.",,,Hrithik Chuahan,https://openart.ai/discovery/OvnnVtaejdtUu928x4BP,https://cdn.openart.ai/published/t55rXBnjrphb6gxY47vr/tJgHPyuf_BCiK_raw.jpg,images/openart_OvnnVtaejdtUu928x4BP.webp,3040,5504,1767505924,1980s photograph,OvnnVtaejdtUu928x4BP
31,openart,0,0,0,0,0,"Picture a gorgeous 35-year-old Swiss drag queen with dark eyeshadow, heavy mascara, dark red lipstick, dark red manicured fingernails, very long dark red hair, resplendent in a striking 80s Armani ensemble that fuses bold colors and sharp lines, standing on a vibrant neon-lit city street at dusk. The air is thick with a sense of nostalgia and electric energy as vivid streetlights cast colorful reflections off the wet pavement, enhancing the glam of her outfit. Her hair is styled in a flamboyant 80s fashion, and her expression radiates confidence and fierce individuality. She poses dramatically, one hand on her hip, the other playfully flipping her hair, embodying the spirit of an era. The scene is suffused with a cinematic flair, evoking the glamour and audacity of the 80s in a vibrant, photorealistic style.",,nano-banana,Whatchootalkingbout,https://openart.ai/discovery/JhLn4xCn9zB1wLbt9VAO,https://cdn.openart.ai/published/UcVVGYre9bB87gXf5lE0/7X2OBEiU_8qQV_raw.jpg,images/openart_JhLn4xCn9zB1wLbt9VAO.webp,1184,864,1765825903,80s photo,JhLn4xCn9zB1wLbt9VAO
32,openart,0,0,0,0,0,"Photograph of a gorgeous muscular 25-year-old Japanese drag queen with big busom, natural skin, ridiculously long black hair, magenta button up blouse, midnight blue mini skirt,  8 inch stiletto high heel shoes, detailed face, Patrick Nagel style, high-res, professional photo, natural buxom physique, Fujifilm color, detailed features, stylish attire, elegant pose, 80s retro, realistic lighting, tropical background",,nano-banana,Whatchootalkingbout,https://openart.ai/discovery/QM0H9NkoMhSnlMAjROkQ,https://cdn.openart.ai/published/UcVVGYre9bB87gXf5lE0/2R_W-Xwn_8ONd_raw.jpg,images/openart_QM0H9NkoMhSnlMAjROkQ.webp,1024,1024,1759705704,80s photo,QM0H9NkoMhSnlMAjROkQ
33,openart,0,0,0,0,0,"A Bratz doll dressed in the more 80s retro fashion styles, leopard print halter top with some rhinestones on a thick brow band under the chest area with a denim mini skirt and heels, Making sure the skin color is the same as the Sasha bratz dolls, and making her hair in a 80s like blow out, and heavy makeup",,nano-banana-2,kendall,https://openart.ai/discovery/aNuvgY6b00xLUkPfBkka,https://cdn.openart.ai/published/7Zr0nmhClS0e9DrqkFDC/Fq4aQKVF__2sU_raw.jpg,images/openart_aNuvgY6b00xLUkPfBkka.webp,848,1264,1766984859,80s photo,aNuvgY6b00xLUkPfBkka
34,openart,0,0,0,0,0,"Surreal, vibrant digital painting of a veiled saint or mage standing on a fiery mountain, staff in hand, with a rainbow leading away. Retro 80s aesthetic, cosmic, religious iconography, neon colors, deep indigo sky.",,Flux_dev,Balleta,https://openart.ai/discovery/okkcUGO3V5c9KzlkcUEB,https://cdn.openart.ai/published/2pqp0pjoN4gyJaRaIRkh/xHRB8XBs_GNcy_raw.jpg,images/openart_okkcUGO3V5c9KzlkcUEB.webp,1024,1024,1762482262,80s photo,okkcUGO3V5c9KzlkcUEB
35,openart,0,0,0,0,0,Beautiful brunette woman in a red dress leaning against a sports car smoking a cigarette. “Summer Nights” neon gas station in the background with a colorful sunset with visible moon and stars. 80s Vibe. Realistic 4k,,Flux_Kontext_Max,Brian D,https://openart.ai/discovery/RQGavTd2rOF7rgbkU5d2,https://cdn.openart.ai/published/5yuMC0Y6E60qQBNCNKDV/0LQDUoJb_oMvl_raw.jpg,images/openart_RQGavTd2rOF7rgbkU5d2.webp,1024,1024,1759222609,80s photo,RQGavTd2rOF7rgbkU5d2
36,openart,0,0,0,0,0,Make a cool 80s style mtv Music video with a punk female singer singing this song along the edge of a rocky fault line,,nano-banana-2,Matt Habecker,https://openart.ai/discovery/LheHSoiqfCTJf0DG3RGN,https://cdn.openart.ai/published/0elt1pczLVmaloZrAY8h/QTCjpimP_TXEM_raw.jpg,images/openart_LheHSoiqfCTJf0DG3RGN.webp,1200,896,1776822613,80s photo,LheHSoiqfCTJf0DG3RGN
37,openart,0,0,0,0,0,"an 80s rock star performing on stage during a concert, from a distance",,flux2,James Morrow,https://openart.ai/discovery/lqB2KrN88FitCVF6DKWQ,https://cdn.openart.ai/published/dSBIcTyM8Ed2Xe0Y1H0b/gR_NPrEM_Q8op_raw.jpg,images/openart_lqB2KrN88FitCVF6DKWQ.webp,1920,1920,1764295152,80s photo,lqB2KrN88FitCVF6DKWQ
38,openart,0,0,0,0,0,"an over the top sea captain, a true Yacht Rock captain from the 80s",,Flux_Kontext,Chris Berry,https://openart.ai/discovery/kS7BIk3JLDAfqPKcFRPY,https://cdn.openart.ai/published/dpBaUNiyuT6DPuz1w7z7/TejLCuzb_-Eb1_raw.jpg,images/openart_kS7BIk3JLDAfqPKcFRPY.webp,1024,1024,1760503707,80s photo,kS7BIk3JLDAfqPKcFRPY
39,openart,0,0,0,0,0,"Old school, Retro, 80s, anime, Fighter jet, Neon City, Explosion",,kling_omni,Micah Delisa,https://openart.ai/discovery/7zFIe67vVYNNuRiKtENB,https://cdn.openart.ai/published/B7drYqOJ4r5I3dX7q1T2/HII6PRkL_NYia_raw.jpg,images/openart_7zFIe67vVYNNuRiKtENB.webp,1168,880,1770218541,80s photo,7zFIe67vVYNNuRiKtENB
40,openart,0,0,0,0,0,"create me in 80s disco club , with all the warm light sensual",,byteplus_seedream_4_5,Ana Maria Anic,https://openart.ai/discovery/w81q89JAKr6p5O6CSvxX,https://cdn.openart.ai/published/dBzUHzVY9FAQfXUMDliP/PftxVJZW_oz7H_raw.jpg,images/openart_w81q89JAKr6p5O6CSvxX.webp,2304,1728,1769171465,80s photo,w81q89JAKr6p5O6CSvxX
41,openart,0,0,0,0,0,Create a photo of my family with 80s trend in kerala,,byteplus_seedream_4_5,VIPIN KUMAR,https://openart.ai/discovery/vwY9IscuF0KAKk0zxTID,https://cdn.openart.ai/published/3k4JXH4m5aZnb2wCxNzt/DxVeLZfk_yO5a_raw.jpg,images/openart_vwY9IscuF0KAKk0zxTID.webp,2304,1728,1788929522,80s photo,vwY9IscuF0KAKk0zxTID
42,openart,0,0,0,0,0,"Uganda president, 80s, sitting in the meeting",,byteplus_seedream_4_5,King Phod,https://openart.ai/discovery/pj2J0y4qWsenguBoS5jT,https://cdn.openart.ai/published/OSD05kcIdeJYWJP34qmR/eIeYBTp4_Asv0_raw.jpg,images/openart_pj2J0y4qWsenguBoS5jT.webp,2304,1728,1769250960,80s photo,pj2J0y4qWsenguBoS5jT
43,openart,0,0,0,0,0,Stranger things 80s vibe,,byteplus_seedream_4,Rhia De Guzman,https://openart.ai/discovery/sKWW2Hbr0cy065lHaz2o,https://cdn.openart.ai/published/hBeJrFIqcCrOeYSHVkrx/Hqg3Jt___nMiK_raw.jpg,images/openart_sKWW2Hbr0cy065lHaz2o.webp,2304,1728,1764078240,80s photo,sKWW2Hbr0cy065lHaz2o
44,openart,0,0,0,0,0,80s color film photography of Sophia Eisenhut dressed in a black Jil Sander suit petting a baby fawn while standing near to the viewer in front of a brutalist building by le Corbusier. In the background we can see trapezoidal shaped concrete pillars that support the modernist building Unité d'habitation built by le Corbusier,,flux2,Sophia E.,https://openart.ai/discovery/xjRU4X0f9mBJQYTsMeLn,https://cdn.openart.ai/published/tKnpfM58aJoTvxUP5xco/UGXgkHcx_dXTn_raw.jpg,images/openart_xjRU4X0f9mBJQYTsMeLn.webp,1024,768,1771408727,80s photo,xjRU4X0f9mBJQYTsMeLn
45,openart,0,0,0,0,0,"A cinematic portrait of “The Ice Saint” — a mysterious woman from Vienna in the 1980s, known as a cold and calculating serial killer who preserved her victims in deep freeze. She has pale skin with a subtle frost-like glow, icy blue eyes that feel emotionless yet captivating, and platinum blonde hair tied in a loose braid. She wears a long vintage wool coat with a fur collar, dark leather gloves, and elegant but worn winter boots. The lighting is moody and cold, inspired by European noir thrillers — soft bluish tones mixed with faint golden highlights. The atmosphere should feel haunting, stylish, and realistic, as if she’s standing under a flickering streetlight in a quiet Viennese alley at night. High detail, cinematic realism, 85mm lens, depth of field, ultra realistic skin texture, film lighting",,nano-banana,vole_jubilant_52,https://openart.ai/discovery/Dz5jf8nn36Of938KEgPU,https://cdn.openart.ai/published/user_346nTf2WbDEqepcenvpixz12jcs/E-e98962_SoA8_raw.jpg,images/openart_Dz5jf8nn36Of938KEgPU.webp,736,1408,1760544275,1980s film photo,Dz5jf8nn36Of938KEgPU
46,openart,0,0,0,0,0,"Merry, a Caucasian woman with piercing blue eyes and long wild curly pink hair, reimagined as a super-stylized psychedelic cartoon character straight out of late-1970s / early-1980s experimental LSD animation. Her body and face are simplified into bold fluid shapes with continuously wobbling outlines and rubber-hose anatomy. Facial features morph into one another—eyes slide into mouths, mouths stretch into smiles that dissolve into spirals, then reform back into a face—all captured mid-transition in a single still. Hair becomes looping glowing ribbons of color that coil into fractal curls and living neon filaments.

Her surface texture is ultra-smooth cel animation paint with analog airbrush gradients and visible film grain overlay. Edges shimmer with chromatic aberration and color-cycling halos like cheap optical printing effects. Background becomes a kaleidoscopic vortex of swirling checker tunnels, rotating mandala wheels, floating pyramids, animated cosmic cats, and looping psychedelic shapes stylized like hand-painted animation cels.

Color palette: hyper-saturated neon pinks, acid yellows, electric blues, deep purples, teal gradients, glowing whites.

Style fusion: 70s-80s psychedelic cartoon animation, Ralph Bakshi surreal sequences, European experimental animation aesthetics, retro sci-fi TV bumpers, liquid light show visuals translated to cel animation. Slight line jitter, analog glow bloom, dust specks, and light scratches simulate old film capture.

Mood: feverishly joyful, unhinged whimsy, ecstatic chaos with cartoon energy—playful, strange, and alive.",,kling_omni,merry👽pranxter,https://openart.ai/discovery/iIqrKAk4YItrs99UIvE3,https://cdn.openart.ai/published/BcmB62NELbYzY0aa2Iuz/NgzfIIPp_NBnT_raw.jpg,images/openart_iIqrKAk4YItrs99UIvE3.webp,1536,2720,1764760464,1980s analog photo,iIqrKAk4YItrs99UIvE3
47,openart,0,0,0,0,0,"A VHS-style photograph of the Nyquist-Shannon aliasing fringe entity in an aerobic dance pose, with retro analog effects, Lisa Frank inspired color palette
Subject & Topology: A Hamiltonian system in phase space manifesting as a strange attractor with fractal manifold structures. The entity follows a limit cycle periodicity to emulate an aerobic dance pose, though form is sacrificed for global topological consistency. The ""limbs"" are +1/2 disclination comet defects within a vortex directional field that combs the entire composition.
> Frequency & Interference: Primary aesthetic driven by Nyquist-Shannon undersampling and spatial aliasing moiré fringes. The interference pattern is calculated by a spatial beat frequency where the moiré frequency \approx \frac{|S_1 - S_2|}{S_1 \times S_2}. Apply a Gibbs phenomenon overshoot to all sharp edges to create a ringing halo bloom.
> Color & Light (Lisa Frank Logic): A hyperchroma overflow veil utilizing birefringent rainbow shear and polarization-dependent hues. Every surface displays iridescent phase-shift colors and emotional recursion hues. Lighting is dictated by stretched specular lobes and angle-reactive iridescence that pivots based on the surface-normal hue.
> Analog Artifacts: 1980s VHS-style RGB drift cascade, chroma flicker-loss zones, and bitplane shimmer decay. The frame suffers from signal recursion phase collapse and temporal aliasing loops.
> Keywords: lissajous_jump, phase_moire_surge, chladni_rainbow_shatter, spectral_gash, aliasing_bloom, frequency_splinter.
> 
 * Phase Scrambling: scramble phase by 45°,",,byteplus_seedream_4_5,merry👽pranxter,https://openart.ai/discovery/4hSo3eo1yQ4RO5L92m7U,https://cdn.openart.ai/published/BcmB62NELbYzY0aa2Iuz/0pnCECcv_F8A1_raw.jpg,images/openart_4hSo3eo1yQ4RO5L92m7U.webp,3328,4992,1771144206,1980s analog photo,4hSo3eo1yQ4RO5L92m7U
48,openart,0,0,0,0,0,"Horsfall Chapel at Trinity College, after the 1980s conservation and restoration, restored stone walls and timber interior in good condition, students attending worship and the Trinity Choir rehearsing within the chapel, expressing its continued and active role in university religious and cultural life.
Conservation Parameters: 
-	Preserve the restored chapel exactly as it was after the 1980s conservation works (no changes to proportions, stone walls, timber interiors, stained glass windows, or architectural elements).
-	No anachronistic or modern insertions (modern furniture, signage, vehicles, or lighting).
-	All architectural materials and surfaces must reflect post-restoration conditions: repaired, cleaned, and well maintained.

Architectural Character:
-	French Gothic style chapel.
-	Vertical emphasis and pointed arches.
-	Traditional stained-glass windows.
-	No stylistic exaggeration or reinterpretation.
-	Restored stone masonry with repaired joints and cleaned surfaces.
-	Timber pews, choir stalls, and roof beams in polished, conserved condition.
-	Surface condition reflecting careful conservation, not artificial aging.
-	No modern materials or finished.

Surrounding Conditions:
-	Retain the Trinity College campus setting, including paths, lawns, and adjacent buildings.
-	No unrelated activity or visual distractions.
-	People limited to worshippers and choir members, integrated naturally within space.

Photographic Representation:
-	Realistic architectural photography.
-	Balanced natural daylight.
-	Accurate scale, proportion, and perspective.
-	Human-eye-level viewpoint.
-	Clam, documentary tone.
-	Choir is inside.

Exclusions:
-	No redesign, modernization, or speculative alterations.
-	No invented decorative elements.
-	No changes to interior layout or camera viewpoint.
-	No fantasy, cinematic exaggeration, or symbolic distortion.",,nano-banana-2,SIMING WANG,https://openart.ai/discovery/ew561zpCytonNi8v6DTG,https://cdn.openart.ai/published/vdsumzFXxVCAIBguHedL/ypc5ftKf_Osn0_raw.jpg,images/openart_ew561zpCytonNi8v6DTG.webp,1024,1024,1770289824,1980s polaroid,ew561zpCytonNi8v6DTG
49,openart,0,0,0,0,0,"A hauntingly elegant 1940s-50s gothic parlor scene, candlelight flickering on dark wood paneling and velvet drapes. Vincent Price (as his classic horror persona) sits regally on a velvet-upholstered armchair, wearing a tailored charcoal suit with a white dress shirt and cravat, his sharp features illuminated by candlelight, holding a monocle and exuding aristocratic menace. Next to him, Elvira (as Mistress of the Dark) reclines on a velvet chaise longue, wearing her signature 1980s gothic Long Black Full Length Dress slit to the knee, vintage fishnet stockings, and elaborate black gloves. The room is rich with antique objects: a blood-red Persian rug, gilded candelabras, a tall black mirror, and a dramatic oil painting of a stormy sea. Mood: oppressive velvet gloom, theatrical camp, vintage horror ambiance. Style: Highly detailed photorealism with cinematic lighting, 8k resolution, chiaroscuro shadows.",,byteplus_seedream_4_5,Curwin,https://openart.ai/discovery/m1fYSN34T6V93PsLGfuf,https://cdn.openart.ai/published/user_2ifCOKbrB4hgWGuXCwFcImvQFxU/Hpgmy2gr_U_j0_raw.jpg,images/openart_m1fYSN34T6V93PsLGfuf.webp,5504,3040,1774804180,1980s polaroid,m1fYSN34T6V93PsLGfuf
50,openart,0,0,0,0,0,"Soviet police captain’s office, mid-1980s.A large metal desk dominates the room, perfectly ordered.On the wall behind the desk, a simple paper wall calendar clearly showing the year 1985.On a side table or filing cabinet, an early Soviet-era fax machine, bulky and utilitarian.Few objects: paper files, folders, an official desk lamp, stamped documents.Cold fluorescent light mixed with weak daylight from a window.Walls bare, slightly cleaner than the rest of the building.The room feels quiet, controlled, and emotionally distant.Authority is present without intimidation or warmth.Realistic graphic novel style, cinematic lighting, cold and desaturated color palette, high contrast shadows.",,kling_omni,Gianluca Caputo,https://openart.ai/discovery/5IkCFaEVHBDiNlbJ0l6o,https://cdn.openart.ai/published/j8f3r2PmZ4Vktg0bhTCk/Lt4I6TKM_TtVJ_raw.jpg,images/openart_5IkCFaEVHBDiNlbJ0l6o.webp,1168,880,1767079630,1980s polaroid,5IkCFaEVHBDiNlbJ0l6o
51,openart,0,0,0,0,0,"features, hair, physique, outfit, and overall look completely unchanged – maintain their exact appearance. A close-up selfie shot, extremely close to the main cast of Stranger Things, including Millie Bobby Brown, Finn Wolfhard, Gaten Matarazzo, Caleb McLaughlin, and Noah Schnapp, all appearing alongside them in the frame. The scene reveals the famous 1980s basement set in Hawkins, featuring retro board games and vintage electronics in a genuine filming environment – avoid any green screen appearance. Display professional filming gear, studio lights, and production tools scattered throughout the background for an authentic on-set vibe.",,nano-banana-2,Yoni Romm,https://openart.ai/discovery/FKUFibt2E4Lq8fDISs4t,https://cdn.openart.ai/published/P7OBQBsliuiBWag5KyxQ/_PBbij57_WBoG_raw.jpg,images/openart_FKUFibt2E4Lq8fDISs4t.webp,1200,896,1766091501,1980s polaroid,FKUFibt2E4Lq8fDISs4t
52,openart,0,0,0,0,0,"Subject & Multi-Scale Topology: A Daubechies wavelet packet transform entity in a high-energy aerobic dance pose. The figure is constructed from multi-scale steerable pyramid subbands, where each ""limb"" is a localized wavelet burstmode event. The topology is defined by multi-scale directional fields where large-scale flow and fine-scale striations are superposed. Sacrifice anatomical skeletal structure for localized frequency-split rendering.
> Frequency & Material Logic: The surface displays an anisotropic diffusion stretch and shear-aligned labyrinths. Use a band-to-material LUT to map low-frequency bands to a volumetric iteration mist and ultra-high frequency bands to a glitter sparkle field. The entity's boundaries are defined by boundary-anchored director fields that smoothly interpolate the internal grain.
> Optics & Color: Lighting is driven by birefringent rainbow shear and stretched specular lobes that follow the wavelet packet orientation. The palette is a hyperchroma overflow with iridescent phase-shift hues. Incorporate spectral phase inversion to create ""butterfly-wing"" interference code across the torso.
> Retro Analog Artifacts: A heavy 1980s VHS-style RGB drift cascade with chroma flicker-loss zones. Apply temporal aliasing loops and bitplane shimmer decay. The frame must show signal recursion phase collapse and Gibbs phenomenon ringing overshoots on all high-contrast edges.
> Keywords: wavelet_burstmode, nodal_dropout, frequency_tear, chromashift_rip, lissajous_trail_lag, resonant_blipstream.
>",,byteplus_seedream_4_5,merry👽pranxter,https://openart.ai/discovery/cm08demmUAayDuQCN5SL,https://cdn.openart.ai/published/BcmB62NELbYzY0aa2Iuz/Dvyb6Q_N_hm1A_raw.jpg,images/openart_cm08demmUAayDuQCN5SL.webp,3040,5504,1771144948,1980s polaroid,cm08demmUAayDuQCN5SL
53,openart,0,0,0,0,0,"This photograph captures a scene featuring four individuals standing in a room with a refrigerator in the background. The focal point is a group of three women and one man, viewed from the back. The woman in the center has long, straight, light brown hair and is wearing a white football jersey with purple and yellow stripes on the shoulders and the number ""10"" prominently displayed in purple. She has a serious expression. To her left, a blonde woman with shoulder-length hair is dressed in a white button-up shirt and is looking slightly to the right with a neutral expression. On the right, a woman with curly brown hair is also wearing a white button-up shirt and is looking directly at the camera with a subtle smile. The man, whose back is mostly to the camera, has short brown hair and is wearing a light brown shirt. The background includes a refrigerator with a slightly open door, revealing some shelves and items inside. The lighting is soft and natural, creating a casual and intimate atmosphere. The image has a warm, slightly nostalgic feel, reminiscent of 1980s or 1990s television or film.",,flux2,Wade Wallenstein,https://openart.ai/discovery/DAoGedHnRKva4iaOcPdn,https://cdn.openart.ai/published/sBSxJTLYMDOIjnAK7A3G/kkbITy23_UYen_raw.jpg,images/openart_DAoGedHnRKva4iaOcPdn.webp,1024,768,1764427747,1980s polaroid,DAoGedHnRKva4iaOcPdn
54,openart,0,0,0,0,0,"2 o' butter fun with dad on the mantanna engine 

3D cartoon character reimagined as a square classic comic book cover, featuring Elmo-inspired puppet characters with exaggerated expressions as superheroes. Bold primary colors with vibrant red character against dynamic blue background. Classic comic book masthead with blocky title font and dramatic tagline in yellow box. Action pose with water/energy effects splashing dramatically around character. Vintage comic printing style with Ben-Day dots, limited color palette, and slightly misaligned color registration. Include comic price tag, issue number, and publisher logo in corner. Add dramatic text boxes announcing special guest appearances and exclamations like ""Yeah, right!"" Side character cameos in small corner boxes. Spider-web design elements in background with classic comic book white border framing the entire cover. Comic book lighting with high contrast and bold black outlines. Implement 1980s-90s comic art style with exaggerated proportions.",,xvCKIyVWU6lPkC3weIYV,[DOCUMENT] Live Meditation Junk,https://openart.ai/discovery/2J73Xz6wiE6T3HFBhADp,https://cdn.openart.ai/published/oDOXLILQiXq2ziKNB23v/AwqLnS4g_GfeZ_raw.jpg,images/openart_2J73Xz6wiE6T3HFBhADp.webp,1536,1536,1775360406,1980s polaroid,2J73Xz6wiE6T3HFBhADp
55,openart,0,0,0,0,0,"Visualize a muscular 35-year-old Greek drag queen embodying the spirit of the 1980s, her outfit a vibrant collage of bold patterns and bright colors, complete with shoulder pads and a mini skirt which show off her long tined legs and 7 inch stiletto high heel shoes. Her big, voluminous hair radiates confidence, infused with neon hues that catch the light. The room around her is alive with the ambiance of a retro living space, adorned with geometric prints and vintage decor, casting warm, inviting shadows. The sunlight pours through lace-curtained windows, creating a soft, golden glow that enhances the vivid colors of her striking makeup—a perfect blend of electric blue eyeshadow and glossy fuchsia lips. She stands in a playful pose, a hint of nostalgia in her smile, embodying the carefree joy of the era, captured in an incredibly realistic style that brings every detail to life.",,imagen-4.0-generate-001,Whatchootalkingbout,https://openart.ai/discovery/zpUfSYr952Pc5Wulr7Wo,https://cdn.openart.ai/published/UcVVGYre9bB87gXf5lE0/tt7TjqNA__jUF_raw.jpg,images/openart_zpUfSYr952Pc5Wulr7Wo.webp,1280,896,1769002102,1980s polaroid,zpUfSYr952Pc5Wulr7Wo
56,openart,0,0,0,0,0,"A scene in the style of 1980s claymation Christmas specials. Jack Frost stands outside in the snow, peering through a frosty window at a cozy family eating waffles together at the breakfast table. His expression is jealous and wistful as warm golden light from the house glows on his icy face. Inside, the family laughs and eats happily, with soft Christmas decorations in the background. The art style should look like classic stop-motion claymation — hand-crafted textures, felt clothing, gentle lighting, and nostalgic pastel colors. Square framing for album-cover art.",,byteplus_seedream_4,Tim Story,https://openart.ai/discovery/IMgJnMchv4Fl44y5RB00,https://cdn.openart.ai/published/aoyAEZB8PkT7h5JSYTEp/C8Zdhdcb_GcYj_raw.jpg,images/openart_IMgJnMchv4Fl44y5RB00.webp,4096,4096,1762655381,1980s snapshot,IMgJnMchv4Fl44y5RB00
57,openart,0,0,0,0,0,"In a bustling Catalan school environment, a group of adult women wears the same smock pink gingham teacher smock uniform with Peter Pan collar stands confidently at the forefront, smiling warmly at the camera. This color photograph captures a 1985 moment, exuding a sense of teamwork and community that was typical of school settings during the era. The overall mood conveys professionalism mixed with friendly interactions, making it a snapshot of ends 20th century school culture and hair fashion.",,nano-banana,Boomboom,https://openart.ai/discovery/4hQWcrIcY3qCIj5uFMxH,https://cdn.openart.ai/published/rVMZMD4xhKt5EwpgksTK/4lbZkJA5_6YMf_raw.jpg,images/openart_4hQWcrIcY3qCIj5uFMxH.webp,672,1536,1762290665,1980s snapshot,4hQWcrIcY3qCIj5uFMxH
58,openart,0,0,0,0,0,"Create a cinematic, ultra-photorealistic movie poster in the signature aesthetic of the Netflix series ""Stranger Things"" promotional key art. Feature [INSERT YOUR CHARACTER DESCRIPTION HERE - e.g., ""a young man with short brown hair wearing a black hoodie""] as the central protagonist.

**Composition & Subject:**
The character stands in the foreground on a deserted, vine-covered suburban street at eye level, looking directly and intensely at the camera. The pose is central and dominant. The character is holding a flashlight which emits a strong, bright white beam of light forward, creating sharp highlights on their face and clothing.

**Environment (The Upside Down):**
The scene is set in the dark, eerie, and dilapidated *Upside Down* version of a suburban Hawkins neighborhood. The asphalt road and abandoned 1980s-style houses are choked with thick, dark, organic, twisted vines and tendrils. Small, bioluminescent red light bulbs/spores glow faintly from the ground and vines. In the mid-ground, a silhouette of a **Demogorgon** or a **Vecna**-like humanoid creature is faintly visible.

**Lighting & Atmosphere:**
The entire scene is dominated by dramatic, high-contrast lighting. The primary ambient light is a cold, deep cyan/blue, creating profound shadows. This is dramatically contrasted by an intense, ominous, hellish red glow in the sky and horizon, mimicking a lightning-filled storm with glowing red clouds. Floating, ash-like spores and thick volumetric fog fill the air.

**Style & Technical Details:**
The style should be hyper-realistic, 8k resolution, cinematic, moody, and use a vertical orientation. Use a wide aperture portrait lens effect with shallow depth of field to emphasize the foreground character. The lighting creates strong red rim lights around the subject from the background and a powerful frontal light from the flashlight beam.",,byteplus_seedream_4_5,Shawn Contreras,https://openart.ai/discovery/rGqMZvzKA34kAEbNHPz2,https://cdn.openart.ai/published/Gtw2V6oDCUUocWnDhVKj/ScXSlmgs_mR8J_raw.jpg,images/openart_rGqMZvzKA34kAEbNHPz2.webp,2304,1728,1766266066,1980s snapshot,rGqMZvzKA34kAEbNHPz2
59,openart,0,0,0,0,0,"@7qlvpMTGKNoK2RhTgBEW without changing my face or facial features in a dreamy y2k style standing in a 70s style kitchen decorated with vintage halloween decor, with a retro tv in the back displaying the movie pet shemetary on the screen as i hold a large 90s style orange chorded phone and in a thoughtful daydreaming pose her long hair falls freely in loose curls. she wears delicate jewelry including dainty gold necklaces and accessories and gold chunky rings. the room behind her is a 70s style kitchen decorated in dark wood, avocado green and oranges with vintage 1980s Halloween decor, there is a counter in front of her with newspaper, carving tools and pumpkin guts and seeds and two carved jack-o'-lanterns with spooky retro faces.  her makeup is simple with a light orange smokey eye look with light lipgloss and light tan lip liner. the photo should have a grainy 70s style to it with a light source like a lamp in a dimly lit room at night. a bowl of popcorn rests beside her on the other side of the kitchen counter. A ghostface killer should be behind her staring at her, his body should be dimly lit, and he should be standing in the doorway of a dimly lit hallway peaking through to the kitchen, the background behind her should be slightly dark and ominous. Do not change my facial features, do not change my face.",,7qlvpMTGKNoK2RhTgBEW,Kayla BeWilde,https://openart.ai/discovery/oXpvl34D0sEQON4IraMJ,https://cdn.openart.ai/published/g3xwGFgfcWd2A6XhyuS8/fzTKnw9T__9x__raw.jpg,images/openart_oXpvl34D0sEQON4IraMJ.webp,1536,1024,1760195825,1980s snapshot,oXpvl34D0sEQON4IraMJ
60,openart,0,0,0,0,0,"The 35-year-old Japanese drag queen's hair in this portrait is long, blonde, and styled in an iconic 1980s big-hair fashion—voluminous and heavily teased for maximum height and drama at the crown. It has a windswept, tousled appearance, with loose, wavy strands flowing outward and downward over her shoulders, creating a sense of movement and fullness. The texture looks slightly frizzy or permed, framing her face boldly while emphasizing the overall glamorous, rock-inspired vibe. She's also wearing dark eyeshadow, eyeliner, and heavy mascara, and dark red lipstick.",,nano-banana-2,Whatchootalkingbout,https://openart.ai/discovery/8B189tYjbLgNUtLptd7w,https://cdn.openart.ai/published/UcVVGYre9bB87gXf5lE0/5YBeCF1B_10aW_raw.jpg,images/openart_8B189tYjbLgNUtLptd7w.webp,1200,896,1769002059,1980s kodak,8B189tYjbLgNUtLptd7w
61,openart,0,0,0,0,0,"Subject & Topology: A Hamiltonian system in phase space manifesting as a strange attractor with fractal manifold structures. The entity follows a limit cycle periodicity to emulate an aerobic dance pose, though form is sacrificed for global topological consistency. The ""limbs"" are +1/2 disclination comet defects within a vortex directional field that combs the entire composition.
> Frequency & Interference: Primary aesthetic driven by Nyquist-Shannon undersampling and spatial aliasing moiré fringes. The interference pattern is calculated by a spatial beat frequency where the moiré frequency \approx \frac{|S_1 - S_2|}{S_1 \times S_2}. Apply a Gibbs phenomenon overshoot to all sharp edges to create a ringing halo bloom.
> Color & Light (Lisa Frank Logic): A hyperchroma overflow veil utilizing birefringent rainbow shear and polarization-dependent hues. Every surface displays iridescent phase-shift colors and emotional recursion hues. Lighting is dictated by stretched specular lobes and angle-reactive iridescence that pivots based on the surface-normal hue.
> Analog Artifacts: 1980s VHS-style RGB drift cascade, chroma flicker-loss zones, and bitplane shimmer decay. The frame suffers from signal recursion phase collapse and temporal aliasing loops.
> Keywords: lissajous_jump, phase_moire_surge, chladni_rainbow_shatter, spectral_gash, aliasing_bloom, frequency_splinter.
> 
Why This ""Breaks"" the Figure Correctly
To ensure the math wins, the prompt uses specific Orientation-Field Workflows and Optics Metaphors:
 * Topological Defects: Instead of joints, the prompt calls for disclination comets, which are mathematical singularities in liquid crystals.
 * Vector Fields: By invoking a vortex directional field, the ""aerobic"" motion is forced into a spiral grain that overrides skeletal structure.
 * Birefringence: This ensures the ""Lisa Frank"" palette isn't just random color but follows anisotropic polarized light logic, where colors shift specifically with the viewing angle.
 * Phase Scrambling: scramble phase by 45°,",,byteplus_seedream_4_5,merry👽pranxter,https://openart.ai/discovery/2hLIoFmHhf8MFoF9sqUK,https://cdn.openart.ai/published/BcmB62NELbYzY0aa2Iuz/KG89knfR_DSXF_raw.jpg,images/openart_2hLIoFmHhf8MFoF9sqUK.webp,3040,5504,1771143581,1980s kodak,2hLIoFmHhf8MFoF9sqUK
62,openart,0,0,0,0,0,"envision a vibrant, nostalgic scene that brings together the pop icon Britney Spears and the eerie, supernatural atmosphere of Stranger Things. Britney stands in the dimly lit, retro-styled Hawkins' arcade, surrounded by flickering neon lights and vintage video games. She's wearing a vintage tartan schoolgirl outfit, with her signature pigtails and a playful yet determined expression, as she strikes a pose reminiscent of her iconic dance moves. The air is tinged with a hint of otherworldly mist, filtering the faint glow of arcade screens, casting shifting shadows around her. Above, the ceiling is adorned with tattered posters, and the low hum of distant, haunting synth music fills the room, evoking a sense of nostalgia and suspense. The style is a blend of 'dark fantasy concept art' and '80s pop culture aesthetics,' capturing an intriguing intersection of two worlds.",,imagen-4.0-generate-001,C,https://openart.ai/discovery/WHKDgxfCEtgUjx47ElLq,https://cdn.openart.ai/published/tuQbXMWreVivaNSzCyGF/c3EDyvnt_0NE-_raw.jpg,images/openart_WHKDgxfCEtgUjx47ElLq.webp,1024,1024,1761088313,vintage 80s photo,WHKDgxfCEtgUjx47ElLq
63,openart,0,0,0,0,0,"@7ttufeUgiV1P0pwV7j7L""A cinematic, edgy female rockstar named Chlorine Poole. She has messy, layered blonde hair with dark roots, and no hat. She is wearing a distressed black vintage band t-shirt and an oversized, open leather biker jacket. Intricate black ink tattoos are visible on her neck, collarbone, and hands. She has a confident, cool expression with smoky eyeshadow and silver hoop earrings. She is performing on a dim, hazy club stage with purple and gold spotlights. High-contrast lighting, 35mm film grain, 80s funk-rock aesthetic.""",,,Don Raffaele,https://openart.ai/discovery/i8WnwmpdWgjEIjZb7m08,https://cdn.openart.ai/published/FInI6rbj1sXbdA9GSjPs/USmDxCeC_U_Lr_raw.jpg,images/openart_i8WnwmpdWgjEIjZb7m08.webp,2304,1728,1777986554,vintage 80s photo,i8WnwmpdWgjEIjZb7m08
64,openart,0,0,0,0,0,"retro 80s art, the cross of jesus and an opened bible beside the it on a hill, with palm trees on the side, over looking a countryside landscape, retro art, synthwave, ocean view in the far background, highly detailed, nature and peaceful",,nano-banana-2,Alex Ding,https://openart.ai/discovery/f7qW5euhnl4EJD4428vc,https://cdn.openart.ai/published/3Hs6IAyqxO8O2rPvHm4w/LcFOS9Qe_VLMF_raw.jpg,images/openart_f7qW5euhnl4EJD4428vc.webp,2400,1792,1769574029,vintage 80s photo,f7qW5euhnl4EJD4428vc
65,openart,0,0,0,0,0,"Striking a bold pose against a plain white wall, a muscular,  35-year-old Mexican drag queen exudes a vibrant retro aesthetic reminiscent of the 1980s with a playful confidence. Clad in a sky blue bodysuit that hugs the curves, the subject is accessorized with bright pink leg warmers and towering 8 inch stiletto platform heels, emphasizing long, muscular, toned legs. Their voluminous, loose blonde curls frame a makeup look featuring dramatic eye color and glossy lips, enhanced by a matching pink headband and wristbands. The lighting is bright, highlighting the glossy textures of the outfit and the smooth skin, creating a lively, dynamic atmosphere that celebrates flamboyant fashion. Overall, the image radiates energy and a sense of fun, capturing the essence of a glam-inspired moment.",,imagen-4.0-generate-001,Whatchootalkingbout,https://openart.ai/discovery/fkPpWYjzU17AW9Cp4iu1,https://cdn.openart.ai/published/UcVVGYre9bB87gXf5lE0/0Pex5ur6_gyT3_raw.jpg,images/openart_fkPpWYjzU17AW9Cp4iu1.webp,1024,1024,1763487217,1980s portrait,fkPpWYjzU17AW9Cp4iu1
66,openart,0,0,0,0,0,"2 o' butter sillyness   

2 o' butter fun with dad on the mantanna engine  

Create a dynamic, vibrant movie poster that merges the iconic sci-fi adventure theme of ""Back to the Future"" with the playful, colorful charm of ""Follin's and the Butter."" The scene features a stylized DeLorean car, glowing with fiery tire tracks on the ground, emitting a bright, futuristic light from its gull-wing door. Next to the car stands a young man in 1980s casual attire—denim jeans, a puffy vest, and a checkered shirt—checking his wristwatch with a surprised expression, embodying the urgency and time-travel motif of the original film.

Incorporate two adorable, fuzzy puppet characters reminiscent of Sesame Street: Cookie Monster as the blue character and Elmo as the red character, both with large expressive eyes and wide smiles. Cookie Monster wears a beige trench coat and holds a box filled with chocolate chip cookies, while Elmo holds several cookies and has a small pipe emitting whimsical steam. Surround them with floating chocolate chip cookies held by colorful gloved hands, adding a fun and whimsical atmosphere, also leave room for those with the same feature's i've seen one i call him elmezz.

The background should blend the dramatic, slightly dark tones of a night sky with the warm, inviting colors of a cozy kitchen or bakery setting, featuring jars of ingredients and a container labeled ""Sutter"" with Elmo’s image on it. Above the scene, prominently display a bold, playful title combining elements of both movies: ""Back to the Butter"" in large, eye-catching fonts that mix the classic ""Back to the Future"" style with chunky, cartoonish lettering. The overall composition balances thrilling time-travel adventure with lighthearted, cookie-filled fun, appealing to both nostalgic adults and children.


-- q 2
--style PowerDOS ReelMagic™ 
--style Cyberpunk Avant Gaurde --Omni Reversnce Lead Magnet 1920's Noir DOS 
--quantum-state |ψ> = α|Brah> + β|Ket>
--Accept all Contractual 486 SX ReelMagic block chain 𝞰𝞲𝞰™",,th4jEAXK2wTHFrg8dmvj,[DOCUMENT] Live Meditation Junk,https://openart.ai/discovery/Odp63eWsqn6S8VCLlB1l,https://cdn.openart.ai/published/oDOXLILQiXq2ziKNB23v/Bse-8aGl_1Rkz_raw.jpg,images/openart_Odp63eWsqn6S8VCLlB1l.webp,1024,1024,1765377967,1980s arcade,Odp63eWsqn6S8VCLlB1l
67,openart,0,0,0,0,0,"Three 35-year-old drag queens embody a vibrant, retro aesthetic, exuding 1980s vibes in a stylish indoor setting. The drag queen on the left sports voluminous black curls and a form-fitting black dress paired with a striking red bomber jacket and matching 7 inch stiletto knee-high boots, striking a confident pose. The middle drag queen with teased Burnt orange hair, kneels with dramatic flair, dressed in a teal satin jacket over a leopard-print outfit, accentuated by bold makeup and eye-catching accessories, including 7 inch stiletto snake-print platform boots. The third third drag queen, with teased long Dark red hair,  stands tall on the right, showcasing a playful casual look with a vintage graphic tee and tight leather leggings, offset by elaborate belt embellishments and similar  7 inch stiletto red heels. Complemented by the geometric patterns of the carpet and the warm lighting from nearby fixtures, the scene radiates fun and nostalgia, capturing a moment of youthful exuberance and celebration.",,imagen-3.0-generate-002,Whatchootalkingbout,https://openart.ai/discovery/cJYlq4MdU4FiRyig5K6L,https://cdn.openart.ai/published/UcVVGYre9bB87gXf5lE0/lLlIPqsF__dBv_raw.jpg,images/openart_cJYlq4MdU4FiRyig5K6L.webp,1024,1024,1763586870,1980s aesthetic photo,cJYlq4MdU4FiRyig5K6L
